use AutoRental;

-- Tabla Sucursal
INSERT INTO Sucursal (ID_Sucursal, Ciudad, Direccion, Telefono_Fijo, Telefono_Celular, Correo_Electronico) VALUES
(1, 'Bogotá', 'Carrera 10 # 25-30', '3012345678', '3109876543', 'bogota@sucursal.com'),
(2, 'Medellín', 'Calle 45 # 12-50', '6042345678', '3134567890', 'medellin@sucursal.com'),
(3, 'Cali', 'Avenida 3 # 45-10', '6022345678', '3123456789', 'cali@sucursal.com'),
(4, 'Barranquilla', 'Carrera 50 # 10-20', '6052345678', '3201234567', 'barranquilla@sucursal.com'),
(5, 'Cartagena', 'Avenida del Mar # 30-40', '6055678901', '3198765432', 'cartagena@sucursal.com');


select * from Sucursal;

-- Tabla Ciudad
INSERT INTO Ciudad (ID_Ciudad, Nombre_Ciudad) VALUES
(1, 'Bogotá'),
(2, 'Medellín'),
(3, 'Cali'),
(4, 'Barranquilla'),
(5, 'Cartagena'),
(6, 'Bucaramanga'),
(7, 'Pereira'),
(8, 'Cúcuta'),
(9, 'Santa Marta'),
(10, 'Ibagué'),
(11, 'Manizales'),
(12, 'Neiva'),
(13, 'Montería'),
(14, 'Valledupar'),
(15, 'Armenia'),
(16, 'Sincelejo'),
(17, 'Popayán'),
(18, 'Tunja'),
(19, 'Quibdó'),
(20, 'Florencia'),
(21, 'Mocoa'),
(22, 'Leticia'),
(23, 'San Andrés'),
(24, 'Villavicencio'),
(25, 'Yopal'),
(26, 'Riohacha'),
(27, 'Pasto'),
(28, 'Alicia'),
(29, 'Villa de Leyva'),
(30, 'La Dorada'),
(31, 'Tuluá'),
(32, 'Sogamoso'),
(33, 'La Ceja'),
(34, 'Chía'),
(35, 'Soacha'),
(36, 'Girardot'),
(37, 'Pasto'),
(38, 'Chiquinquirá'),
(39, 'Bello'),
(40, 'Itagüí'),
(41, 'Rionegro'),
(42, 'Santiago de Cali'),
(43, 'Tebario'),
(44, 'Envigado'),
(45, 'Sabaneta'),
(46, 'Chocó'),
(47, 'Fusagasugá'),
(48, 'Pasto'),
(49, 'La Guajira'),
(50, 'La Vega'),
(51, 'Puerto Tejada'),
(52, 'Sabanalarga'),
(53, 'Turbo'),
(54, 'Barbosa'),
(55, 'Tuncuaro'),
(56, 'Zipaquirá'),
(57, 'Cerro de San Antonio'),
(58, 'Huila'),
(59, 'Barichara'),
(60, 'Palmyra'),
(61, 'Guapí'),
(62, 'San Gil'),
(63, 'Moniquirá'),
(64, 'Tumaco'),
(65, 'Mocoa'),
(66, 'Aracataca'),
(67, 'Mariquita'),
(68, 'Patía'),
(69, 'Gachetá'),
(70, 'Ocaña'),
(71, 'Quimbaya'),
(72, 'Corozal'),
(73, 'Chinchiná'),
(74, 'Yumbo'),
(75, 'Cajamarca'),
(76, 'Risaralda'),
(77, 'Cartago'),
(78, 'Villanueva'),
(79, 'Zarzal'),
(80, 'Cartagena de Indias'),
(81, 'Pitalito'),
(82, 'Flandes'),
(83, 'La Tebaida'),
(84, 'Buga'),
(85, 'Valledupar'),
(86, 'San Juan de Pasto'),
(87, 'La Playa'),
(88, 'Santa Rosa de Cabal'),
(89, 'Villamaría'),
(90, 'Chía'),
(91, 'La Unión'),
(92, 'Tierra Alta'),
(93, 'La Candelaria'),
(94, 'Pradera'),
(95, 'Caquetá'),
(96, 'Sucre'),
(97, 'Casanare'),
(98, 'Caicedo'),
(99, 'Santander de Quilichao'),
(100, 'Vaupés');

select * from ciudad;

-- Tabla Empleado
INSERT INTO Empleado (ID_Empleado, Cedula, Nombres, Apellidos, Direccion, ID_Ciudad, Celular, Correo_Electronico, ID_Sucursal) VALUES
(1, '123456789', 'Carlos', 'Pérez', 'Calle 10 # 15-20', 1, '3101234567', 'carlos.perez@empresa.com', 1),
(2, '987654321', 'Ana', 'Gómez', 'Calle 20 # 25-30', 2, '3149876543', 'ana.gomez@empresa.com', 2),
(3, '456123789', 'Luis', 'Martínez', 'Calle 30 # 35-40', 3, '3182345678', 'luis.martinez@empresa.com', 3),
(4, '741258963', 'Marta', 'Rodríguez', 'Calle 40 # 45-50', 4, '3163456789', 'marta.rodriguez@empresa.com', 4),
(5, '852369741', 'José', 'Lopez', 'Calle 50 # 55-60', 5, '3155678901', 'jose.lopez@empresa.com', 5),
(6, '123789456', 'Patricia', 'Sánchez', 'Carrera 1 # 5-10', 1, '3112345678', 'patricia.sanchez@empresa.com', 1),
(7, '987321654', 'Ricardo', 'Martínez', 'Calle 15 # 20-25', 2, '3109876543', 'ricardo.martinez@empresa.com', 2),
(8, '456789321', 'Lucía', 'Torres', 'Calle 25 # 30-35', 3, '3198765432', 'lucia.torres@empresa.com', 3),
(9, '741963258', 'Andrés', 'García', 'Avenida 10 # 35-40', 4, '3151234567', 'andres.garcia@empresa.com', 4),
(10, '852741369', 'Beatriz', 'Fernández', 'Calle 5 # 10-15', 5, '3147654321', 'beatriz.fernandez@empresa.com', 5),
(11, '963852741', 'Carlos', 'Ruiz', 'Carrera 12 # 22-27', 1, '3138765432', 'carlos.ruiz@empresa.com', 1),
(12, '741963257', 'Elena', 'Pérez', 'Calle 8 # 12-17', 2, '3123456789', 'elena.perez@empresa.com', 2),
(13, '987654987', 'José', 'Gómez', 'Carrera 14 # 18-22', 3, '3106543210', 'jose.gomez@empresa.com', 3),
(14, '654321987', 'Javier', 'Ramírez', 'Avenida 30 # 40-45', 4, '3162345678', 'javier.ramirez@empresa.com', 4),
(15, '852963741', 'Paola', 'Cortés', 'Calle 35 # 50-55', 5, '3198765432', 'paola.cortes@empresa.com', 5),
(16, '123789654', 'David', 'Vargas', 'Carrera 3 # 10-15', 1, '3142345678', 'david.vargas@empresa.com', 1),
(17, '456987123', 'María', 'Hernández', 'Calle 50 # 60-65', 2, '3121234567', 'maria.hernandez@empresa.com', 2),
(18, '789654123', 'Pedro', 'Sánchez', 'Carrera 9 # 15-20', 3, '3108765432', 'pedro.sanchez@empresa.com', 3),
(19, '963741258', 'Laura', 'Díaz', 'Calle 40 # 55-60', 4, '3159876543', 'laura.diaz@empresa.com', 4),
(20, '741852963', 'Felipe', 'Jiménez', 'Calle 12 # 18-22', 5, '3172345678', 'felipe.jimenez@empresa.com', 5),
(21, '963258741', 'Raquel', 'Blanco', 'Calle 18 # 30-35', 1, '3185432109', 'raquel.blanco@empresa.com', 1),
(22, '741258369', 'Oscar', 'Morales', 'Carrera 4 # 15-20', 2, '3143210987', 'oscar.morales@empresa.com', 2),
(23, '852456123', 'Ricardo', 'Ramírez', 'Avenida 5 # 20-25', 3, '3168765432', 'ricardo.ramirez@empresa.com', 3),
(24, '963741852', 'Marcos', 'González', 'Calle 55 # 60-65', 4, '3137654321', 'marcos.gonzalez@empresa.com', 4),
(25, '741258741', 'Clara', 'Méndez', 'Carrera 6 # 25-30', 5, '3156543210', 'clara.mendez@empresa.com', 5),
(26, '852963258', 'Antonio', 'López', 'Avenida 15 # 30-35', 1, '3175432109', 'antonio.lopez@empresa.com', 1),
(27, '123654987', 'Rosa', 'Jiménez', 'Calle 20 # 40-45', 2, '3182345679', 'rosa.jimenez@empresa.com', 2),
(28, '987321654', 'Fernando', 'Vélez', 'Carrera 7 # 10-15', 3, '3198765433', 'fernando.velez@empresa.com', 3),
(29, '456123987', 'Margarita', 'Paredes', 'Calle 30 # 45-50', 4, '3123456789', 'margarita.paredes@empresa.com', 4),
(30, '741852369', 'Tomás', 'Ramírez', 'Carrera 1 # 15-20', 5, '3145678901', 'tomas.ramirez@empresa.com', 5),
(31, '852741963', 'Andrea', 'Silva', 'Calle 10 # 20-25', 1, '3165432109', 'andrea.silva@empresa.com', 1),
(32, '963852456', 'Julio', 'Córdoba', 'Avenida 12 # 18-22', 2, '3128765432', 'julio.cordoba@empresa.com', 2),
(33, '741963852', 'Sandra', 'Hernández', 'Calle 25 # 35-40', 3, '3196543210', 'sandra.hernandez@empresa.com', 3),
(34, '852963741', 'Martín', 'Ruiz', 'Carrera 8 # 20-25', 4, '3134567890', 'martin.ruiz@empresa.com', 4),
(35, '963741258', 'Silvia', 'Lopez', 'Calle 15 # 22-27', 5, '3148765432', 'silvia.lopez@empresa.com', 5),
(36, '741258963', 'Jaime', 'Soto', 'Avenida 18 # 35-40', 1, '3126543210', 'jaime.soto@empresa.com', 1),
(37, '852369741', 'Gabriela', 'Martínez', 'Carrera 9 # 15-20', 2, '3198765431', 'gabriela.martinez@empresa.com', 2),
(38, '963258741', 'Oscar', 'Ruiz', 'Calle 12 # 18-22', 3, '3152345678', 'oscar.ruiz@empresa.com', 3),
(39, '741963258', 'Rocío', 'Álvarez', 'Avenida 7 # 10-15', 4, '3143210987', 'rocio.alvarez@empresa.com', 4),
(40, '852741963', 'Eva', 'Cordero', 'Calle 5 # 12-17', 5, '3139876543', 'eva.cordero@empresa.com', 5),
(41, '963852741', 'Patricio', 'Flores', 'Carrera 16 # 30-35', 1, '3186543210', 'patricio.flores@empresa.com', 1),
(42, '741258369', 'Beatriz', 'Mora', 'Calle 20 # 30-35', 2, '3172345678', 'beatriz.mora@empresa.com', 2),
(43, '852456123', 'Raúl', 'Gil', 'Carrera 14 # 25-30', 3, '3105432109', 'raul.gil@empresa.com', 3),
(44, '963741852', 'Lidia', 'Vega', 'Avenida 2 # 10-15', 4, '3123456789', 'lidia.vega@empresa.com', 4),
(45, '741258741', 'Martín', 'López', 'Calle 15 # 25-30', 5, '3155432109', 'martin.lopez@empresa.com', 5),
(46, '852963258', 'Héctor', 'Marín', 'Carrera 3 # 10-15', 1, '3198765430', 'hector.marin@empresa.com', 1),
(47, '123654987', 'Felipe', 'Jiménez', 'Avenida 5 # 15-20', 2, '3147654321', 'felipe.jimenez@empresa.com', 2),
(48, '987321654', 'María', 'Gutiérrez', 'Calle 10 # 18-22', 3, '3123456789', 'maria.gutierrez@empresa.com', 3),
(49, '456987321', 'David', 'Pérez', 'Carrera 8 # 20-25', 4, '3138765432', 'david.perez@empresa.com', 4),
(50, '741963258', 'Sandra', 'Mendoza', 'Calle 25 # 30-35', 5, '3172345678', 'sandra.mendoza@empresa.com', 5);


select * from Empleado;

-- Tabla Cliente
INSERT INTO Cliente (ID_Cliente, Cedula, Nombres, Apellidos, Direccion, ID_Ciudad, Celular, Correo_Electronico) VALUES
(1, '1122334455', 'Pedro', 'Sánchez', 'Calle 11 # 12-13', 81, '3107654321', 'pedro.sanchez@cliente.com'),
(2, '2233445566', 'María', 'Díaz', 'Calle 22 # 23-24', 62, '3138765432', 'maria.diaz@cliente.com'),
(3, '3344556677', 'Javier', 'Gutiérrez', 'Calle 33 # 34-35', 63, '3149876543', 'javier.gutierrez@cliente.com'),
(4, '4455667788', 'Laura', 'Hernández', 'Calle 44 # 45-46', 44, '3201234567', 'laura.hernandez@cliente.com'),
(5, '5566778899', 'Antonio', 'Ramírez', 'Calle 55 # 56-57', 85, '3198765432', 'antonio.ramirez@cliente.com'),
(6, '6677889900', 'Sandra', 'Torres', 'Carrera 1 # 5-6', 71, '3102345678', 'sandra.torres@cliente.com'),
(7, '7788990011', 'Felipe', 'González', 'Calle 12 # 14-15', 32, '3123456789', 'felipe.gonzalez@cliente.com'),
(8, '8899001122', 'Carmen', 'Lopez', 'Calle 20 # 21-22', 23, '3154567890', 'carmen.lopez@cliente.com'),
(9, '9900112233', 'Ricardo', 'Martínez', 'Carrera 5 # 16-17', 14, '3195432109', 'ricardo.martinez@cliente.com'),
(10, '1011122334', 'Julia', 'Álvarez', 'Calle 7 # 13-14', 35, '3106789012', 'julia.alvarez@cliente.com'),
(11, '1122334455', 'José', 'Mendoza', 'Carrera 4 # 22-23', 81, '3148765432', 'jose.mendoza@cliente.com'),
(12, '2233445566', 'Lucía', 'Ramírez', 'Calle 13 # 25-26', 82, '3182345678', 'lucia.ramirez@cliente.com'),
(13, '3344556677', 'Carlos', 'Vega', 'Avenida 2 # 7-8', 3, '3197654321', 'carlos.vega@cliente.com'),
(14, '4455667788', 'María', 'González', 'Calle 9 # 10-11', 34, '3121234567', 'maria.gonzalez@cliente.com'),
(15, '5566778899', 'Antonio', 'Jiménez', 'Carrera 8 # 20-21', 55, '3156789012', 'antonio.jimenez@cliente.com'),
(16, '6677889900', 'Esteban', 'Sánchez', 'Calle 15 # 19-20', 21, '3104321098', 'esteban.sanchez@cliente.com'),
(17, '7788990011', 'Raquel', 'Hernández', 'Avenida 6 # 10-11', 22, '3127654321', 'raquel.hernandez@cliente.com'),
(18, '8899001122', 'Carlos', 'Torres', 'Carrera 5 # 12-13', 23, '3198765432', 'carlos.torres@cliente.com'),
(19, '9900112233', 'Patricia', 'Ramírez', 'Calle 18 # 28-29', 74, '3185432109', 'patricia.ramirez@cliente.com'),
(20, '1011122334', 'Juan', 'Vázquez', 'Carrera 3 # 14-15', 55, '3107654321', 'juan.vazquez@cliente.com'),
(21, '1234567890', 'Luis', 'Sánchez', 'Calle 10 # 30-31', 51, '3145678901', 'luis.sanchez@cliente.com'),
(22, '2345678901', 'Silvia', 'Díaz', 'Carrera 2 # 16-17', 32, '3198765430', 'silvia.diaz@cliente.com'),
(23, '3456789012', 'Federico', 'Gómez', 'Calle 19 # 20-21', 73, '3182345678', 'federico.gomez@cliente.com'),
(24, '4567890123', 'Ana', 'Jiménez', 'Carrera 8 # 9-10', 64, '3105432109', 'ana.jimenez@cliente.com'),
(25, '5678901234', 'Ricardo', 'Vega', 'Calle 6 # 15-16', 35, '3123456789', 'ricardo.vega@cliente.com'),
(26, '6789012345', 'Cristina', 'González', 'Avenida 3 # 18-19', 1, '3198765431', 'cristina.gonzalez@cliente.com'),
(27, '7890123456', 'Pedro', 'Mendoza', 'Calle 7 # 8-9', 2, '3154321098', 'pedro.mendoza@cliente.com'),
(28, '8901234567', 'Verónica', 'Ramírez', 'Carrera 4 # 12-13', 3, '3107654321', 'veronica.ramirez@cliente.com'),
(29, '9012345678', 'Javier', 'Martínez', 'Calle 15 # 16-17', 4, '3145678901', 'javier.martinez@cliente.com'),
(30, '1023456789', 'Eduardo', 'Álvarez', 'Carrera 6 # 22-23', 5, '3198765432', 'eduardo.alvarez@cliente.com'),
(31, '2134567890', 'Daniela', 'Mora', 'Calle 10 # 15-16', 1, '3182345678', 'daniela.mora@cliente.com'),
(32, '3245678901', 'Patricia', 'López', 'Avenida 4 # 10-11', 2, '3123456789', 'patricia.lopez@cliente.com'),
(33, '4356789012', 'Luis', 'Sánchez', 'Carrera 8 # 12-13', 3, '3197654320', 'luis.sanchez@cliente.com'),
(34, '5467890123', 'José', 'Gómez', 'Calle 20 # 25-26', 4, '3185432109', 'jose.gomez@cliente.com'),
(35, '6578901234', 'Marcela', 'Vega', 'Carrera 9 # 13-14', 5, '3156789012', 'marcela.vega@cliente.com'),
(36, '7689012345', 'Martín', 'Ramírez', 'Calle 30 # 40-41', 1, '3107654321', 'martin.ramirez@cliente.com'),
(37, '8790123456', 'Sandra', 'Lopez', 'Carrera 5 # 18-19', 2, '3198765430', 'sandra.lopez@cliente.com'),
(38, '9801234567', 'José', 'Hernández', 'Calle 13 # 25-26', 3, '3122345678', 'jose.hernandez@cliente.com'),
(39, '0912345678', 'Alberto', 'Mendoza', 'Carrera 2 # 30-31', 4, '3149876543', 'alberto.mendoza@cliente.com'),
(40, '2023456789', 'Margarita', 'Díaz', 'Calle 10 # 22-23', 5, '3152345678', 'margarita.diaz@cliente.com'),
(41, '3134567890', 'Héctor', 'Sánchez', 'Carrera 4 # 15-16', 1, '3102345678', 'hector.sanchez@cliente.com'),
(42, '4245678901', 'Verónica', 'González', 'Calle 11 # 20-21', 2, '3145432109', 'veronica.gonzalez@cliente.com'),
(43, '5356789012', 'Laura', 'Martínez', 'Avenida 12 # 21-22', 3, '3196543210', 'laura.martinez@cliente.com'),
(44, '6467890123', 'Antonio', 'Mendoza', 'Calle 14 # 15-16', 4, '3122345670', 'antonio.mendoza@cliente.com'),
(45, '7578901234', 'Lucía', 'Vega', 'Carrera 5 # 13-14', 5, '3154321097', 'lucia.vega@cliente.com'),
(46, '8689012345', 'Javier', 'Torres', 'Calle 13 # 10-11', 1, '3147654321', 'javier.torres@cliente.com'),
(47, '9790123456', 'Carlos', 'Ramírez', 'Carrera 7 # 14-15', 2, '3128765432', 'carlos.ramirez@cliente.com'),
(48, '0801234567', 'María', 'González', 'Avenida 6 # 20-21', 3, '3192345678', 'maria.gonzalez@cliente.com'),
(49, '1912345678', 'Ricardo', 'Sánchez', 'Calle 18 # 25-26', 4, '3145432108', 'ricardo.sanchez@cliente.com'),
(50, '2023456789', 'Patricia', 'Martínez', 'Carrera 12 # 30-31', 5, '3121234567', 'patricia.martinez@cliente.com'),
(51, '2123456789', 'Sandra', 'Vega', 'Calle 22 # 30-31', 1, '3196543210', 'sandra.vega@cliente.com'),
(52, '3223456789', 'Fernando', 'Torres', 'Avenida 4 # 15-16', 2, '3109876543', 'fernando.torres@cliente.com'),
(53, '4323456789', 'Raquel', 'Mendoza', 'Carrera 9 # 20-21', 3, '3123456781', 'raquel.mendoza@cliente.com'),
(54, '5434567890', 'Esteban', 'Gómez', 'Calle 17 # 22-23', 4, '3157654320', 'esteban.gomez@cliente.com'),
(55, '6545678901', 'Antonio', 'Lopez', 'Carrera 8 # 14-15', 5, '3182345670', 'antonio.lopez@cliente.com'),
(56, '7656789012', 'José', 'Gutiérrez', 'Calle 6 # 10-11', 1, '3108765432', 'jose.gutierrez@cliente.com'),
(57, '8767890123', 'Marcela', 'Vega', 'Avenida 9 # 25-26', 2, '3146543210', 'marcela.vega@cliente.com'),
(58, '9878901234', 'Carlos', 'Ramírez', 'Carrera 10 # 15-16', 3, '3198765431', 'carlos.ramirez@cliente.com'),
(59, '0989012345', 'Patricia', 'Sánchez', 'Calle 14 # 13-14', 4, '3123456789', 'patricia.sanchez@cliente.com'),
(60, '1090123456', 'Luis', 'Hernández', 'Carrera 12 # 20-21', 5, '3187654321', 'luis.hernandez@cliente.com'),
(61, '2101234567', 'Ana', 'Martínez', 'Calle 8 # 14-15', 1, '3105432109', 'ana.martinez@cliente.com'),
(62, '3212345678', 'Felipe', 'Mendoza', 'Avenida 7 # 16-17', 2, '3196543212', 'felipe.mendoza@cliente.com'),
(63, '4323456789', 'Julia', 'Torres', 'Carrera 13 # 9-10', 3, '3141234567', 'julia.torres@cliente.com'),
(64, '5434567890', 'Luis', 'Mora', 'Calle 16 # 22-23', 4, '3185432101', 'luis.mora@cliente.com'),
(65, '6545678901', 'Carlos', 'González', 'Avenida 2 # 5-6', 5, '3157654322', 'carlos.gonzalez@cliente.com'),
(66, '7656789012', 'Raquel', 'Álvarez', 'Calle 23 # 13-14', 1, '3104321097', 'raquel.alvarez@cliente.com'),
(67, '8767890123', 'Marcela', 'Sánchez', 'Carrera 4 # 15-16', 2, '3142345678', 'marcela.sanchez@cliente.com'),
(68, '9878901234', 'José', 'Martínez', 'Avenida 6 # 19-20', 3, '3195432108', 'jose.martinez@cliente.com'),
(69, '0989012345', 'Antonio', 'Gómez', 'Calle 7 # 9-10', 4, '3187654320', 'antonio.gomez@cliente.com'),
(70, '1090123456', 'Patricia', 'López', 'Carrera 11 # 15-16', 5, '3123456782', 'patricia.lopez@cliente.com'),
(71, '2101234567', 'Verónica', 'Mora', 'Calle 3 # 8-9', 1, '3154321099', 'veronica.mora@cliente.com'),
(72, '3212345678', 'Antonio', 'Ramírez', 'Avenida 7 # 22-23', 2, '3189876543', 'antonio.ramirez@cliente.com'),
(73, '4323456789', 'Raquel', 'Sánchez', 'Carrera 5 # 12-13', 3, '3123456789', 'raquel.sanchez@cliente.com'),
(74, '5434567890', 'Carlos', 'López', 'Calle 4 # 11-12', 4, '3147654320', 'carlos.lopez@cliente.com'),
(75, '6545678901', 'Felipe', 'González', 'Avenida 2 # 10-11', 5, '3187654321', 'felipe.gonzalez@cliente.com'),
(76, '7656789012', 'José', 'Álvarez', 'Carrera 10 # 22-23', 1, '3195432107', 'jose.alvarez@cliente.com'),
(77, '8767890123', 'María', 'Ramírez', 'Calle 15 # 30-31', 2, '3152345679', 'maria.ramirez@cliente.com'),
(78, '9878901234', 'Antonio', 'Mendoza', 'Avenida 9 # 14-15', 3, '3145432102', 'antonio.mendoza@cliente.com'),
(79, '0989012345', 'Ricardo', 'Torres', 'Calle 4 # 25-26', 4, '3123456781', 'ricardo.torres@cliente.com'),
(80, '1090123456', 'Carlos', 'Mora', 'Carrera 9 # 7-8', 5, '3187654329', 'carlos.mora@cliente.com'),
(81, '2101234567', 'Verónica', 'Gómez', 'Calle 12 # 15-16', 1, '3147654320', 'veronica.gomez@cliente.com'),
(82, '3212345678', 'Javier', 'López', 'Avenida 13 # 10-11', 2, '3198765433', 'javier.lopez@cliente.com'),
(83, '4323456789', 'Raquel', 'Mendoza', 'Carrera 7 # 22-23', 3, '3123456788', 'raquel.mendoza@cliente.com'),
(84, '5434567890', 'María', 'Torres', 'Calle 10 # 13-14', 4, '3194321097', 'maria.torres@cliente.com'),
(85, '6545678901', 'José', 'González', 'Avenida 5 # 16-17', 5, '3123456789', 'jose.gonzalez@cliente.com'),
(86, '7656789012', 'Ricardo', 'Álvarez', 'Carrera 6 # 7-8', 1, '3187654320', 'ricardo.alvarez@cliente.com'),
(87, '8767890123', 'Marcela', 'López', 'Calle 19 # 25-26', 2, '3195432106', 'marcela.lopez@cliente.com'),
(88, '9878901234', 'José', 'Sánchez', 'Avenida 10 # 22-23', 3, '3102345678', 'jose.sanchez@cliente.com'),
(89, '0989012345', 'Raquel', 'Álvarez', 'Carrera 4 # 14-15', 4, '3154321090', 'raquel.alvarez@cliente.com'),
(90, '1090123456', 'Antonio', 'Torres', 'Calle 7 # 12-13', 5, '3198765430', 'antonio.torres@cliente.com'),
(91, '2101234567', 'José', 'Mora', 'Avenida 6 # 30-31', 1, '3144321098', 'jose.mora@cliente.com'),
(92, '3212345678', 'Felipe', 'Sánchez', 'Calle 8 # 19-20', 2, '3197654320', 'felipe.sanchez@cliente.com'),
(93, '4323456789', 'Patricia', 'Gómez', 'Carrera 12 # 22-23', 3, '3127654321', 'patricia.gomez@cliente.com'),
(94, '5434567890', 'Carlos', 'Martínez', 'Avenida 3 # 19-20', 4, '3109876543', 'carlos.martinez@cliente.com'),
(95, '6545678901', 'Raquel', 'Vega', 'Calle 5 # 17-18', 5, '3187654322', 'raquel.vega@cliente.com'),
(96, '7656789012', 'Luis', 'Vega', 'Carrera 4 # 18-19', 1, '3195432109', 'luis.vega@cliente.com'),
(97, '8767890123', 'Sandra', 'Ramírez', 'Calle 16 # 20-21', 2, '3123456789', 'sandra.ramirez@cliente.com'),
(98, '9878901234', 'José', 'López', 'Avenida 8 # 7-8', 3, '3154321098', 'jose.lopez@cliente.com'),
(99, '0989012345', 'Verónica', 'Torres', 'Calle 3 # 15-16', 4, '3102345678', 'veronica.torres@cliente.com'),
(100, '1090123456', 'Carlos', 'González', 'Carrera 12 # 9-10', 5, '3197654321', 'carlos.gonzalez@cliente.com');



select * from Cliente;

-- Tabla Vehiculo
INSERT INTO Vehiculo (ID_Vehiculo, Tipo_Vehiculo, Placa, Referencia, Modelo, Puertas, Capacidad, Sunroof, Motor, Color) VALUES
(1, 'Sedán', 'ABC123', 'Toyota Corolla', 2022, 4, 5, TRUE, '1.8L', 'Blanco'),
(2, 'SUV', 'XYZ456', 'Honda CR-V', 2021, 5, 7, TRUE, '2.4L', 'Negro'),
(3, 'Camioneta', 'LMN789', 'Chevrolet Tracker', 2023, 5, 5, FALSE, '1.6L', 'Azul'),
(4, 'Deportivo', 'QRS987', 'Mazda MX-5', 2020, 2, 2, TRUE, '2.0L', 'Rojo'),
(5, 'Hatchback', 'JKL654', 'Ford Fiesta', 2021, 5, 5, FALSE, '1.6L', 'Verde'),
(6, 'Sedán', 'DEF987', 'Hyundai Elantra', 2023, 4, 5, TRUE, '2.0L', 'Gris'),
(7, 'SUV', 'GHI654', 'Nissan X-Trail', 2022, 5, 7, TRUE, '2.5L', 'Plata'),
(8, 'Camioneta', 'JKL321', 'Toyota Hilux', 2021, 4, 5, FALSE, '2.8L', 'Negro'),
(9, 'Deportivo', 'LMN123', 'Porsche 911', 2020, 2, 2, TRUE, '3.0L', 'Amarillo'),
(10, 'Hatchback', 'OPQ456', 'Volkswagen Polo', 2022, 5, 5, FALSE, '1.4L', 'Rojo'),
(11, 'Sedán', 'RST789', 'Kia Optima', 2023, 4, 5, TRUE, '2.4L', 'Azul'),
(12, 'SUV', 'UVW012', 'Mazda CX-5', 2021, 5, 7, TRUE, '2.0L', 'Blanco'),
(13, 'Camioneta', 'XYZ345', 'Ford Ranger', 2022, 4, 5, FALSE, '2.3L', 'Gris'),
(14, 'Deportivo', 'ABC567', 'Chevrolet Camaro', 2020, 2, 2, TRUE, '6.2L', 'Rojo'),
(15, 'Hatchback', 'DEF890', 'Mini Cooper', 2021, 5, 5, FALSE, '1.5L', 'Verde'),
(16, 'Sedán', 'GHI123', 'BMW Serie 3', 2023, 4, 5, TRUE, '2.0L', 'Negro'),
(17, 'SUV', 'JKL234', 'Ford EcoSport', 2020, 5, 5, TRUE, '1.5L', 'Azul'),
(18, 'Camioneta', 'MNO678', 'Mitsubishi L200', 2022, 4, 5, FALSE, '2.4L', 'Plata'),
(19, 'Deportivo', 'PQR901', 'Aston Martin Vantage', 2021, 2, 2, TRUE, '4.0L', 'Verde'),
(20, 'Hatchback', 'STU234', 'Honda Fit', 2023, 5, 5, FALSE, '1.3L', 'Blanco'),
(21, 'Sedán', 'VWX345', 'Mercedes-Benz Clase C', 2022, 4, 5, TRUE, '2.0L', 'Plata'),
(22, 'SUV', 'XYZ678', 'Jeep Compass', 2021, 5, 5, TRUE, '2.4L', 'Negro'),
(23, 'Camioneta', 'LMN234', 'Isuzu D-Max', 2023, 4, 5, FALSE, '3.0L', 'Rojo'),
(24, 'Deportivo', 'OPQ678', 'Ferrari 488', 2020, 2, 2, TRUE, '3.9L', 'Amarillo'),
(25, 'Hatchback', 'RST567', 'Ford Focus', 2021, 5, 5, FALSE, '1.5L', 'Gris'),
(26, 'Sedán', 'UVW789', 'Audi A4', 2022, 4, 5, TRUE, '2.0L', 'Negro'),
(27, 'SUV', 'ABC345', 'BMW X5', 2021, 5, 7, TRUE, '3.0L', 'Azul'),
(28, 'Camioneta', 'DEF678', 'Land Rover Defender', 2022, 4, 5, FALSE, '3.0L', 'Plata'),
(29, 'Deportivo', 'GHI123', 'Lamborghini Huracán', 2020, 2, 2, TRUE, '5.2L', 'Rojo'),
(30, 'Hatchback', 'JKL890', 'Seat Ibiza', 2023, 5, 5, FALSE, '1.2L', 'Amarillo'),
(31, 'Sedán', 'MNO123', 'Chrysler 300', 2021, 4, 5, TRUE, '3.6L', 'Negro'),
(32, 'SUV', 'PQR567', 'Toyota RAV4', 2022, 5, 7, TRUE, '2.5L', 'Verde'),
(33, 'Camioneta', 'STU890', 'Nissan Frontier', 2023, 4, 5, FALSE, '2.5L', 'Azul'),
(34, 'Deportivo', 'VWX123', 'McLaren 720S', 2020, 2, 2, TRUE, '4.0L', 'Blanco'),
(35, 'Hatchback', 'XYZ234', 'Fiat 500', 2021, 5, 5, FALSE, '1.2L', 'Rojo'),
(36, 'Sedán', 'DEF345', 'Subaru Legacy', 2022, 4, 5, TRUE, '2.5L', 'Plata'),
(37, 'SUV', 'GHI890', 'Subaru Outback', 2021, 5, 5, TRUE, '2.4L', 'Negro'),
(38, 'Camioneta', 'JKL567', 'Chevrolet Colorado', 2022, 4, 5, FALSE, '2.5L', 'Gris'),
(39, 'Deportivo', 'MNO890', 'Ford Mustang', 2020, 2, 2, TRUE, '5.0L', 'Azul'),
(40, 'Hatchback', 'OPQ234', 'Kia Rio', 2021, 5, 5, FALSE, '1.6L', 'Verde'),
(41, 'Sedán', 'RST012', 'Volkswagen Jetta', 2023, 4, 5, TRUE, '1.8L', 'Gris'),
(42, 'SUV', 'UVW123', 'Hyundai Tucson', 2022, 5, 7, TRUE, '2.0L', 'Azul'),
(43, 'Camioneta', 'XYZ456', 'Ram 1500', 2021, 4, 5, FALSE, '3.6L', 'Rojo'),
(44, 'Deportivo', 'ABC678', 'BMW Z4', 2020, 2, 2, TRUE, '3.0L', 'Negro'),
(45, 'Hatchback', 'DEF901', 'Toyota Yaris', 2021, 5, 5, FALSE, '1.5L', 'Amarillo'),
(46, 'Sedán', 'GHI234', 'Audi A3', 2022, 4, 5, TRUE, '1.8L', 'Blanco'),
(47, 'SUV', 'JKL567', 'Mitsubishi Outlander', 2021, 5, 7, TRUE, '2.4L', 'Plata'),
(48, 'Camioneta', 'MNO345', 'GMC Sierra', 2023, 4, 5, FALSE, '3.0L', 'Negro'),
(49, 'Deportivo', 'PQR890', 'Bugatti Chiron', 2020, 2, 2, TRUE, '8.0L', 'Rojo'),
(50, 'Hatchback', 'STU567', 'Nissan March', 2021, 5, 5, FALSE, '1.0L', 'Azul'),
(51, 'Sedán', 'VWX890', 'Peugeot 508', 2022, 4, 5, TRUE, '1.6L', 'Gris'),
(52, 'SUV', 'XYZ123', 'Kia Sportage', 2021, 5, 5, TRUE, '2.0L', 'Negro'),
(53, 'Camioneta', 'DEF234', 'Hyundai Santa Fe', 2022, 4, 5, FALSE, '2.5L', 'Plata'),
(54, 'Deportivo', 'GHI890', 'Maserati GranTurismo', 2020, 2, 2, TRUE, '4.7L', 'Verde'),
(55, 'Hatchback', 'JKL123', 'Chevrolet Spark', 2021, 5, 5, FALSE, '1.2L', 'Rojo'),
(56, 'Sedán', 'MNO567', 'Mazda 6', 2022, 4, 5, TRUE, '2.5L', 'Azul'),
(57, 'SUV', 'OPQ345', 'Jeep Grand Cherokee', 2021, 5, 7, TRUE, '3.6L', 'Rojo'),
(58, 'Camioneta', 'RST678', 'Ford F-150', 2022, 4, 5, FALSE, '3.5L', 'Gris'),
(59, 'Deportivo', 'UVW012', 'Lexus LC 500', 2020, 2, 2, TRUE, '5.0L', 'Blanco'),
(60, 'Hatchback', 'XYZ567', 'Hyundai i20', 2021, 5, 5, FALSE, '1.4L', 'Negro'),
(61, 'Sedán', 'DEF890', 'Toyota Camry', 2023, 4, 5, TRUE, '2.5L', 'Plata'),
(62, 'SUV', 'GHI234', 'Honda HR-V', 2021, 5, 5, TRUE, '1.8L', 'Azul'),
(63, 'Camioneta', 'JKL789', 'Ford Bronco', 2022, 4, 5, FALSE, '2.3L', 'Verde'),
(64, 'Deportivo', 'MNO012', 'Ferrari 812 Superfast', 2020, 2, 2, TRUE, '6.5L', 'Amarillo'),
(65, 'Hatchback', 'PQR345', 'Renault Clio', 2021, 5, 5, FALSE, '1.6L', 'Rojo'),
(66, 'Sedán', 'RST890', 'Peugeot 308', 2022, 4, 5, TRUE, '1.5L', 'Negro'),
(67, 'SUV', 'UVW567', 'Mazda CX-30', 2021, 5, 5, TRUE, '2.0L', 'Gris'),
(68, 'Camioneta', 'XYZ123', 'Jeep Wrangler', 2023, 4, 5, FALSE, '2.0L', 'Plata'),
(69, 'Deportivo', 'DEF234', 'Nissan GT-R', 2020, 2, 2, TRUE, '3.8L', 'Negro'),
(70, 'Hatchback', 'GHI567', 'Toyota Prius', 2021, 5, 5, FALSE, '1.8L', 'Blanco'),
(71, 'Sedán', 'JKL890', 'Chrysler Pacifica', 2023, 4, 5, TRUE, '3.6L', 'Plata'),
(72, 'SUV', 'LMN345', 'Honda Pilot', 2021, 5, 7, TRUE, '3.5L', 'Rojo'),
(73, 'Camioneta', 'MNO123', 'Ram 2500', 2022, 4, 5, FALSE, '6.7L', 'Azul'),
(74, 'Deportivo', 'PQR567', 'Audi R8', 2020, 2, 2, TRUE, '5.2L', 'Verde'),
(75, 'Hatchback', 'STU890', 'Fiat Panda', 2021, 5, 5, FALSE, '1.0L', 'Rojo'),
(76, 'Sedán', 'VWX234', 'Volkswagen Passat', 2023, 4, 5, TRUE, '2.0L', 'Blanco'),
(77, 'SUV', 'XYZ678', 'Kia Seltos', 2022, 5, 7, TRUE, '2.4L', 'Negro'),
(78, 'Camioneta', 'DEF123', 'Nissan Titan', 2021, 4, 5, FALSE, '5.6L', 'Rojo'),
(79, 'Deportivo', 'GHI345', 'Bentley Continental GT', 2020, 2, 2, TRUE, '4.0L', 'Azul'),
(80, 'Hatchback', 'JKL567', 'Skoda Fabia', 2021, 5, 5, FALSE, '1.2L', 'Verde'),
(81, 'Sedán', 'MNO789', 'Volvo S60', 2022, 4, 5, TRUE, '2.0L', 'Gris'),
(82, 'SUV', 'OPQ012', 'Toyota Fortuner', 2021, 5, 7, TRUE, '2.8L', 'Blanco'),
(83, 'Camioneta', 'RST345', 'Mitsubishi Pajero', 2023, 4, 5, FALSE, '3.2L', 'Plata'),
(84, 'Deportivo', 'UVW789', 'Jaguar F-Type', 2020, 2, 2, TRUE, '3.0L', 'Negro'),
(85, 'Hatchback', 'XYZ012', 'Peugeot 208', 2021, 5, 5, FALSE, '1.6L', 'Azul'),
(86, 'Sedán', 'DEF345', 'Subaru Impreza', 2023, 4, 5, TRUE, '2.0L', 'Rojo'),
(87, 'SUV', 'GHI890', 'Land Rover Discovery', 2022, 5, 7, TRUE, '3.0L', 'Gris'),
(88, 'Camioneta', 'JKL012', 'Ford Maverick', 2021, 4, 5, FALSE, '2.5L', 'Amarillo'),
(89, 'Deportivo', 'MNO123', 'Maserati Levante', 2020, 2, 2, TRUE, '3.0L', 'Plata'),
(90, 'Hatchback', 'OPQ345', 'Dacia Sandero', 2021, 5, 5, FALSE, '1.0L', 'Rojo'),
(91, 'Sedán', 'RST567', 'Audi A6', 2022, 4, 5, TRUE, '2.0L', 'Negro'),
(92, 'SUV', 'UVW012', 'Chevrolet Blazer', 2023, 5, 7, TRUE, '2.0L', 'Azul'),
(93, 'Camioneta', 'XYZ234', 'Chevrolet Silverado', 2021, 4, 5, FALSE, '5.3L', 'Verde'),
(94, 'Deportivo', 'DEF678', 'Porsche 718 Cayman', 2020, 2, 2, TRUE, '2.5L', 'Blanco'),
(95, 'Hatchback', 'GHI234', 'Nissan Leaf', 2021, 5, 5, FALSE, '1.6L', 'Gris'),
(96, 'Sedán', 'JKL345', 'Honda Accord', 2022, 4, 5, TRUE, '1.5L', 'Rojo'),
(97, 'SUV', 'MNO567', 'Ford Explorer', 2021, 5, 7, TRUE, '3.0L', 'Negro'),
(98, 'Camioneta', 'OPQ123', 'Chevrolet Suburban', 2022, 4, 5, FALSE, '5.3L', 'Azul'),
(99, 'Deportivo', 'RST890', 'Pagani Huayra', 2020, 2, 2, TRUE, '6.0L', 'Verde'),
(100, 'Hatchback', 'UVW567', 'Toyota Aygo', 2021, 5, 5, FALSE, '1.0L', 'Amarillo');




 select * from Vehiculo;
 
-- Table Alquiler
INSERT INTO Alquiler (ID_Alquiler, ID_Cliente, ID_Empleado, ID_Vehiculo, ID_Sucursal_Salida, Fecha_Salida, ID_Sucursal_Llegada, Fecha_Llegada, Fecha_Esperada_Llegada, Valor_Alquiler_Semana, Valor_Alquiler_Dia, Porcentaje_Descuento, Valor_Cotizado, Valor_Pagado) VALUES
(1, 1, 1, 1, 1, '2024-10-01', 2, '2024-10-07', '2024-10-08', 300000, 50000, 10, 270000, 270000),
(2, 2, 2, 2, 2, '2024-10-05', 3, '2024-10-10', '2024-10-11', 350000, 55000, 15, 297500, 297500),
(3, 3, 3, 3, 3, '2024-10-10', 4, '2024-10-15', '2024-10-16', 400000, 60000, 5, 380000, 380000),
(4, 4, 4, 4, 4, '2024-10-15', 5, '2024-10-20', '2024-10-21', 250000, 40000, 20, 240000, 240000),
(5, 5, 5, 5, 5, '2024-10-20', 1, '2024-10-25', '2024-10-26', 450000, 65000, 0, 450000, 450000),
(6, 6, 6, 6, 6, '2024-10-02', 2, '2024-10-08', '2024-10-09', 320000, 52000, 12, 281600, 281600),
(7, 7, 7, 7, 7, '2024-10-03', 3, '2024-10-09', '2024-10-10', 370000, 56000, 8, 340400, 340400),
(8, 8, 8, 8, 8, '2024-10-04', 4, '2024-10-10', '2024-10-11', 420000, 60000, 18, 344400, 344400),
(9, 9, 9, 9, 9, '2024-10-06', 5, '2024-10-12', '2024-10-13', 260000, 42000, 10, 234000, 234000),
(10, 10, 10, 10, 10, '2024-10-07', 1, '2024-10-13', '2024-10-14', 430000, 61000, 5, 408500, 408500),
(11, 11, 11, 11, 11, '2024-10-08', 2, '2024-10-14', '2024-10-15', 310000, 49000, 0, 310000, 310000),
(12, 12, 12, 12, 12, '2024-10-09', 3, '2024-10-15', '2024-10-16', 380000, 57000, 14, 326800, 326800),
(13, 13, 13, 13, 13, '2024-10-10', 4, '2024-10-16', '2024-10-17', 360000, 54000, 10, 324000, 324000),
(14, 14, 14, 14, 14, '2024-10-11', 5, '2024-10-17', '2024-10-18', 410000, 62000, 8, 377200, 377200),
(15, 15, 15, 15, 15, '2024-10-12', 1, '2024-10-18', '2024-10-19', 270000, 43000, 5, 256650, 256650),
(16, 16, 16, 16, 16, '2024-10-13', 2, '2024-10-19', '2024-10-20', 440000, 63000, 20, 352000, 352000),
(17, 17, 17, 17, 17, '2024-10-14', 3, '2024-10-20', '2024-10-21', 350000, 56000, 12, 308800, 308800),
(18, 18, 18, 18, 18, '2024-10-15', 4, '2024-10-21', '2024-10-22', 380000, 57000, 10, 342000, 342000),
(19, 19, 19, 19, 19, '2024-10-16', 5, '2024-10-22', '2024-10-23', 250000, 40000, 0, 250000, 250000),
(20, 20, 20, 20, 20, '2024-10-17', 1, '2024-10-23', '2024-10-24', 370000, 56000, 18, 303400, 303400),
(21, 21, 21, 21, 21, '2024-10-18', 2, '2024-10-24', '2024-10-25', 420000, 60000, 5, 399000, 399000),
(22, 22, 22, 22, 22, '2024-10-19', 3, '2024-10-25', '2024-10-26', 360000, 55000, 10, 324000, 324000),
(23, 23, 23, 23, 23, '2024-10-20', 4, '2024-10-26', '2024-10-27', 290000, 46000, 15, 246500, 246500),
(24, 24, 24, 24, 24, '2024-10-21', 5, '2024-10-27', '2024-10-28', 460000, 67000, 0, 460000, 460000),
(25, 25, 25, 25, 25, '2024-10-22', 1, '2024-10-28', '2024-10-29', 310000, 49000, 12, 272800, 272800),
(26, 26, 26, 26, 26, '2024-10-23', 2, '2024-10-29', '2024-10-30', 400000, 60000, 5, 380000, 380000),
(27, 27, 27, 27, 27, '2024-10-24', 3, '2024-10-30', '2024-10-31', 380000, 57000, 10, 342000, 342000),
(28, 28, 28, 28, 28, '2024-10-25', 4, '2024-10-31', '2024-11-01', 330000, 50000, 8, 303600, 303600),
(29, 29, 29, 29, 29, '2024-10-26', 5, '2024-11-01', '2024-11-02', 470000, 68000, 0, 470000, 470000),
(30, 30, 30, 30, 30, '2024-10-27', 1, '2024-11-02', '2024-11-03', 310000, 49000, 15, 263500, 263500),
(31, 31, 31, 31, 31, '2024-10-28', 2, '2024-11-03', '2024-11-04', 420000, 62000, 10, 378000, 378000),
(32, 32, 32, 32, 32, '2024-10-29', 3, '2024-11-04', '2024-11-05', 340000, 52000, 5, 323000, 323000),
(33, 33, 33, 33, 33, '2024-10-30', 4, '2024-11-05', '2024-11-06', 250000, 42000, 0, 250000, 250000),
(34, 34, 34, 34, 34, '2024-10-31', 5, '2024-11-06', '2024-11-07', 400000, 60000, 18, 328000, 328000),
(35, 35, 35, 35, 35, '2024-11-01', 1, '2024-11-07', '2024-11-08', 360000, 54000, 5, 342000, 342000),
(36, 36, 36, 36, 36, '2024-11-02', 2, '2024-11-08', '2024-11-09', 430000, 63000, 10, 387000, 387000),
(37, 37, 37, 37, 37, '2024-11-03', 3, '2024-11-09', '2024-11-10', 310000, 49000, 5, 294500, 294500),
(38, 38, 38, 38, 38, '2024-11-04', 4, '2024-11-10', '2024-11-11', 360000, 55000, 8, 331200, 331200),
(39, 39, 39, 39, 39, '2024-11-05', 5, '2024-11-11', '2024-11-12', 420000, 62000, 12, 369600, 369600),
(40, 40, 40, 40, 40, '2024-11-06', 1, '2024-11-12', '2024-11-13', 350000, 54000, 0, 350000, 350000),
(41, 41, 41, 41, 41, '2024-11-07', 2, '2024-11-13', '2024-11-14', 460000, 67000, 10, 414000, 414000),
(42, 42, 42, 42, 42, '2024-11-08', 3, '2024-11-14', '2024-11-15', 380000, 57000, 5, 361000, 361000),
(43, 43, 43, 43, 43, '2024-11-09', 4, '2024-11-15', '2024-11-16', 350000, 54000, 12, 307200, 307200),
(44, 44, 44, 44, 44, '2024-11-10', 5, '2024-11-16', '2024-11-17', 430000, 63000, 0, 430000, 430000),
(45, 45, 45, 45, 45, '2024-11-11', 1, '2024-11-17', '2024-11-18', 380000, 57000, 5, 361000, 361000),
(46, 46, 46, 46, 46, '2024-11-12', 2, '2024-11-18', '2024-11-19', 450000, 65000, 10, 405000, 405000),
(47, 47, 47, 47, 47, '2024-11-13', 3, '2024-11-19', '2024-11-20', 340000, 52000, 8, 313600, 313600),
(48, 48, 48, 48, 48, '2024-11-14', 4, '2024-11-20', '2024-11-21', 270000, 42000, 12, 237600, 237600),
(49, 49, 49, 49, 49, '2024-11-15', 5, '2024-11-21', '2024-11-22', 400000, 60000, 0, 400000, 400000),
(50, 50, 50, 50, 50, '2024-11-16', 1, '2024-11-22', '2024-11-23', 350000, 54000, 15, 297500, 297500),
(51, 51, 51, 51, 51, '2024-11-17', 2, '2024-11-23', '2024-11-24', 430000, 63000, 10, 387000, 387000),
(52, 52, 52, 52, 52, '2024-11-18', 3, '2024-11-24', '2024-11-25', 300000, 50000, 5, 285000, 285000),
(53, 53, 53, 53, 53, '2024-11-19', 4, '2024-11-25', '2024-11-26', 380000, 57000, 10, 342000, 342000),
(54, 54, 54, 54, 54, '2024-11-20', 5, '2024-11-26', '2024-11-27', 450000, 65000, 5, 427500, 427500),
(55, 55, 55, 55, 55, '2024-11-21', 1, '2024-11-27', '2024-11-28', 270000, 42000, 15, 229500, 229500),
(56, 56, 56, 56, 56, '2024-11-22', 2, '2024-11-28', '2024-11-29', 400000, 60000, 0, 400000, 400000),
(57, 57, 57, 57, 57, '2024-11-23', 3, '2024-11-29', '2024-11-30', 380000, 57000, 10, 342000, 342000),
(58, 58, 58, 58, 58, '2024-11-24', 4, '2024-11-30', '2024-12-01', 430000, 63000, 5, 409500, 409500),
(59, 59, 59, 59, 59, '2024-11-25', 5, '2024-12-01', '2024-12-02', 300000, 50000, 0, 300000, 300000),
(60, 60, 60, 60, 60, '2024-11-26', 1, '2024-12-02', '2024-12-03', 360000, 54000, 10, 324000, 324000),
(61, 61, 61, 61, 61, '2024-11-27', 2, '2024-12-03', '2024-12-04', 250000, 42000, 12, 220000, 220000),
(62, 62, 62, 62, 62, '2024-11-28', 3, '2024-12-04', '2024-12-05', 420000, 62000, 5, 399000, 399000),
(63, 63, 63, 63, 63, '2024-11-29', 4, '2024-12-05', '2024-12-06', 380000, 57000, 8, 349600, 349600),
(64, 64, 64, 64, 64, '2024-11-30', 5, '2024-12-06', '2024-12-07', 430000, 63000, 15, 365500, 365500),
(65, 65, 65, 65, 65, '2024-12-01', 1, '2024-12-07', '2024-12-08', 290000, 46000, 0, 290000, 290000),
(66, 66, 66, 66, 66, '2024-12-02', 2, '2024-12-08', '2024-12-09', 370000, 56000, 10, 333000, 333000),
(67, 67, 67, 67, 67, '2024-12-03', 3, '2024-12-09', '2024-12-10', 300000, 50000, 12, 264000, 264000),
(68, 68, 68, 68, 68, '2024-12-04', 4, '2024-12-10', '2024-12-11', 440000, 63000, 0, 440000, 440000),
(69, 69, 69, 69, 69, '2024-12-05', 5, '2024-12-11', '2024-12-12', 350000, 54000, 5, 332500, 332500),
(70, 70, 70, 70, 70, '2024-12-06', 1, '2024-12-12', '2024-12-13', 400000, 60000, 8, 368000, 368000),
(71, 71, 71, 71, 71, '2024-12-07', 2, '2024-12-13', '2024-12-14', 300000, 50000, 5, 285000, 285000),
(72, 72, 72, 72, 72, '2024-12-08', 3, '2024-12-14', '2024-12-15', 420000, 62000, 10, 378000, 378000),
(73, 73, 73, 73, 73, '2024-12-09', 4, '2024-12-15', '2024-12-16', 380000, 57000, 8, 349600, 349600),
(74, 74, 74, 74, 74, '2024-12-10', 5, '2024-12-16', '2024-12-17', 430000, 63000, 15, 365500, 365500),
(75, 75, 75, 75, 75, '2024-12-11', 1, '2024-12-17', '2024-12-18', 290000, 46000, 0, 290000, 290000),
(76, 76, 76, 76, 76, '2024-12-12', 2, '2024-12-18', '2024-12-19', 370000, 56000, 10, 333000, 333000),
(77, 77, 77, 77, 77, '2024-12-13', 3, '2024-12-19', '2024-12-20', 300000, 50000, 12, 264000, 264000),
(78, 78, 78, 78, 78, '2024-12-14', 4, '2024-12-20', '2024-12-21', 440000, 63000, 0, 440000, 440000),
(79, 79, 79, 79, 79, '2024-12-15', 5, '2024-12-21', '2024-12-22', 350000, 54000, 5, 332500, 332500),
(80, 80, 80, 80, 80, '2024-12-16', 1, '2024-12-22', '2024-12-23', 400000, 60000, 8, 368000, 368000),
(81, 81, 81, 81, 81, '2024-12-17', 2, '2024-12-23', '2024-12-24', 300000, 50000, 5, 285000, 285000),
(82, 82, 82, 82, 82, '2024-12-18', 3, '2024-12-24', '2024-12-25', 420000, 62000, 10, 378000, 378000),
(83, 83, 83, 83, 83, '2024-12-19', 4, '2024-12-25', '2024-12-26', 380000, 57000, 8, 349600, 349600),
(84, 84, 84, 84, 84, '2024-12-20', 5, '2024-12-26', '2024-12-27', 430000, 63000, 15, 365500, 365500),
(85, 85, 85, 85, 85, '2024-12-21', 1, '2024-12-27', '2024-12-28', 290000, 46000, 0, 290000, 290000),
(86, 86, 86, 86, 86, '2024-12-22', 2, '2024-12-28', '2024-12-29', 370000, 56000, 10, 333000, 333000),
(87, 87, 87, 87, 87, '2024-12-23', 3, '2024-12-29', '2024-12-30', 300000, 50000, 12, 264000, 264000),
(88, 88, 88, 88, 88, '2024-12-24', 4, '2024-12-30', '2024-12-31', 440000, 63000, 0, 440000, 440000),
(89, 89, 89, 89, 89, '2024-12-25', 5, '2024-12-31', '2024-12-01', 350000, 54000, 5, 332500, 332500),
(90, 90, 90, 90, 90, '2024-12-26', 1, '2024-12-01', '2024-12-02', 400000, 60000, 8, 368000, 368000),
(91, 91, 91, 91, 91, '2024-12-27', 2, '2024-12-02', '2024-12-03', 300000, 50000, 5, 285000, 285000),
(92, 92, 92, 92, 92, '2024-12-28', 3, '2024-12-03', '2024-12-04', 420000, 62000, 10, 378000, 378000),
(93, 93, 93, 93, 93, '2024-12-29', 4, '2024-12-04', '2024-12-05', 380000, 57000, 8, 349600, 349600),
(94, 94, 94, 94, 94, '2024-12-30', 5, '2024-12-05', '2024-12-06', 430000, 63000, 15, 365500, 365500),
(95, 95, 95, 95, 95, '2024-12-31', 1, '2024-12-06', '2024-12-07', 290000, 46000, 0, 290000, 290000),
(96, 96, 96, 96, 96, '2024-12-01', 2, '2024-12-07', '2024-12-08', 370000, 56000, 10, 333000, 333000),
(97, 97, 97, 97, 97, '2024-12-02', 3, '2024-12-08', '2024-12-09', 300000, 50000, 12, 264000, 264000),
(98, 98, 98, 98, 98, '2024-12-03', 4, '2024-12-09', '2024-12-10', 440000, 63000, 0, 440000, 440000),
(99, 99, 99, 99, 99, '2024-12-04', 5, '2024-12-10', '2024-12-11', 350000, 54000, 5, 332500, 332500),
(100, 100, 100, 100, 100, '2024-12-05', 1, '2024-12-11', '2024-12-12', 400000, 60000, 8, 368000, 368000);




select * from Alquiler;

